E,I,L,D,Y,demographic_disparity,elift,slift,subgroup_unfairness
0.0,0.0,0.0,0.0,0.0,0.0,0.0,0.0,0.0
0.03,0.2,0.7,0.63,0.08,0.0560351696413417,0.09498158846044025,0.04895487566740872,0.055806139292988055
0.05,0.4,1.4,1.26,0.16,0.12888295326723187,0.1901252122646468,0.11366066389453258,0.12681921991849865
0.07,0.6,2.1,1.89,0.24,0.1888476608721873,0.24348298824912917,0.16785455333932295,0.15741119633188605
0.1,0.8,2.8,2.52,0.32,0.2947895822711077,0.3449601960572213,0.2657446041682422,0.25260899620495586
0.12,1.0,3.5,3.15,0.4,0.35361297975752454,0.3912591601597448,0.3213279994973305,0.2989154296614621
0.2,1.6,5.6,5.04,0.64,0.6649814185459648,0.6833665554664854,0.6315558491546192,0.6076538104598681
0.25,2.0,7.0,6.3,0.8,0.8330428926043323,0.8519752514472396,0.8114407946465474,0.8044777709662924
0.3,2.4,8.4,7.56,0.96,1.0000000000000002,1.0000000000000002,1.0,0.9999999999999999
