E,I,L,D,Y,demographic_disparity,elift,slift,subgroup_unfairness
0.0,0.0,0.0,0.0,0.0,0.058309618590539514,0.030050349586586023,0.06007874058915478,0.008103680000000012
0.03,0.2,0.7,0.63,0.08,0.07129845143756652,0.038781385041468296,0.07396785274982187,0.01013408000000001
0.05,0.4,1.4,1.26,0.16,0.0785610246423557,0.042797408850558716,0.0818187272255605,0.011656880000000007
0.07,0.6,2.1,1.89,0.24,0.08924437508128502,0.050893374366223654,0.09348066697340358,0.013078160000000007
0.1,0.8,2.8,2.52,0.32,0.10566217097640418,0.061737942941375,0.11167169037524179,0.016022240000000007
0.12,1.0,3.5,3.15,0.4,0.11072446057465091,0.06313281777774804,0.11734814838004692,0.017748080000000013
0.2,1.6,5.6,5.04,0.64,0.14461699474512701,0.0803614366231314,0.1562059509867939,0.026580320000000008
0.25,2.0,7.0,6.3,0.8,0.1635917730338331,0.0920306476480598,0.17863847531371033,0.03104720000000001
0.3,2.4,8.4,7.56,0.96,0.186685011397006,0.10481680384676287,0.2066368046136858,0.03744296000000001
